,FDR_CHI,FDR_M_W,FDR_W,FDR_K_S
1_weak,0.8631184529967912,0.6958788940370092,0.40447585804134234,0.018447966562412654
2_mild,0.9797043480871674,0.9374676356077452,0.8740978425719438,0.3944680255170173
3_strong,0.9997494737031337,0.9915632656526651,0.9788121275986972,0.5650465244092464
