,FDR_CHI,FDR_M_W,FDR_K_S
1_weak,0.968346903524921,0.685061345133917,0.00010145258251847977
2_mild,0.9963409694956337,0.8058370858087633,0.006624948495355332
3_strong,0.9999999187545935,0.8373618337290032,0.046510367735207114
