,FDR_CHI,FDR_M_W,FDR_W,FDR_K_S
1_weak,0.540531088662997,0.7112592961477215,0.44970954210801595,0.05547243299014826
2_mild,0.9343644724754859,0.9483392137752472,0.8983388550228781,0.7195874610518611
3_strong,0.9984899475549188,0.9986658614605424,0.9974990528940029,0.9822565521086293
