,FDR_CHI,FDR_M_W,FDR_W,FDR_K_S
1_weak,0.9391403300191344,0.7019302480657339,0.4215900210865452,0.001733739156218217
2_mild,0.9937427679869552,0.875103618460811,0.7979408146932436,0.05074575508780643
3_strong,0.9999435671271457,0.9256329471933593,0.9212065190553688,0.09603981858873745
