,FDR_CHI,FDR_M_W,FDR_W,FDR_K_S
1_weak,0.8901058363189628,0.6997885152887826,0.4113910852222491,0.012261218125434348
2_mild,0.9838995349661156,0.9302810815159182,0.8584028433519226,0.22951234984930402
3_strong,0.9999371534170537,0.9830973644725807,0.9618718905889698,0.3290517636562422
